Workbook

Sheet 1.KPIs
B1: ส่วนที่ 1 : การประเมินผลงานตามตัวชี้วัด KPIs (น้ำหนัก 80 คะแนน)
B2: บริษัท หล่อทองโลหะการ จำกัด • ใบประเมินผลงานประจำปี 2569
B4: ชื่อผู้รับการประเมิน | C4: คุณพิชิต ส. | G4: ตำแหน่ง | H4: ผู้จัดการฝ่ายหลอมและเทน้ำโลหะ (Melting & Pouring Manager)
B5: หน่วยงาน | C5: ฝ่ายหลอมและเทน้ำโลหะ (Melting & Pouring) | G5: ผู้ประเมิน | H5: คุณจำลอง ป. (ผู้ช่วยกรรมการผู้จัดการ สายงานโรงงาน)
B7: ตัวชี้วัดผลงาน (KPIs) | C7: น้ำหนัก คะแนน | D7: เป้าหมาย | E7: เกณฑ์การให้เกรดของผลงาน | J7: ผลงานจริง | K7: เกรด ที่ได้ | L7: คะแนน เต็ม | M7: คะแนน ที่ได้
E8: C 1 | F8: B 2 | G8: A 3 | H8: A+ 4 | I8: AA 5
B9: ปริมาณน้ำโลหะที่หลอมได้เทียบแผนรายเดือน (เป้า 24,000 ตัน/ปี) | C9: 25 | D9: ≥ 95% | E9: < 82% | F9: 82 – 88% | G9: 89 – 95% | H9: 96 – 98% | I9: > 98% | K9: 5 | L9: =C9*5 -> 125 | M9: =IF(K9="",0,C9*K9) -> 125
B10: % รุ่นหลอมที่ส่วนผสมทางเคมีตรงสเปคเกรดโลหะในครั้งแรก (จากผล Spectrometer) | C10: 25 | D10: ≥ 98% | E10: < 90% | F10: 90 – 93% | G10: 94 – 98% | H10: 98.1 – 99% | I10: > 99% | K10: 5 | L10: =C10*5 -> 125 | M10: =IF(K10="",0,C10*K10) -> 125
B11: การใช้พลังงานไฟฟ้าต่อตันน้ำโลหะ (kWh/ตัน) เทียบมาตรฐาน | C11: 15 | D11: ≤ มาตรฐาน | E11: เกิน > 8% | F11: เกิน 4 – 8% | G11: ±4% | H11: ต่ำกว่า 4 – 8% | I11: ต่ำกว่า > 8% | K11: 3 | L11: =C11*5 -> 75 | M11: =IF(K11="",0,C11*K11) -> 45
B12: อัตราการสูญเสียโลหะจากการหลอม-เท (Melt Loss) เทียบมาตรฐาน | C12: 15 | D12: ≤ 3% | E12: > 6% | F12: 4.6 – 6% | G12: 3.1 – 4.5% | H12: 2.5 – 3% | I12: < 2.5% | K12: 5 | L12: =C12*5 -> 75 | M12: =IF(K12="",0,C12*K12) -> 75
B13: รวมคะแนน KPIs | C13: =SUM(C9:C12) -> 80 | L13: =SUM(L9:L12) -> 400 | M13: =SUM(M9:M12) -> 370
B14: หมายเหตุ : กรอกเฉพาะช่องสีเหลือง (ผลงานจริง และเกรดที่ได้ 1–5) คะแนนจะคำนวณอัตโนมัติ

Sheet 2.Competency
B1: ส่วนที่ 2 : การประเมิน Competency / พฤติกรรมการทำงาน (น้ำหนัก 20 คะแนน)
B2: บริษัท หล่อทองโลหะการ จำกัด • ใบประเมินผลงานประจำปี 2569
B4: ชื่อผู้รับการประเมิน | C4: คุณพิชิต ส. | E4: ตำแหน่ง | F4: ผู้จัดการฝ่ายหลอมและเทน้ำโลหะ (Melting & Pouring Manager)
B5: หน่วยงาน | C5: ฝ่ายหลอมและเทน้ำโลหะ (Melting & Pouring) | E5: ผู้ประเมิน | F5: คุณจำลอง ป. (ผู้ช่วยกรรมการผู้จัดการ สายงานโรงงาน)
B7: หัวข้อ Competency และพฤติกรรมที่คาดหวัง | C7: น้ำหนัก คะแนน | D7: ระดับที่ได้ (1–5) | E7: คะแนน เต็ม | F7: คะแนน ที่ได้ | G7: หลักฐาน / ตัวอย่างผลงานประกอบการประเมิน
B8: ภาวะผู้นำและการบริหารทีมงาน (Leadership & Team Management) | C8: 5 | D8: 5 | E8: =C8*5 -> 25 | F8: =IF(D8="",0,C8*D8) -> 25
B9: • กำหนดเป้าหมายและทิศทางการทำงานของฝ่ายให้ชัดเจนสอดคล้องกับกลยุทธ์องค์กร
B10: • สร้างบรรยากาศการทำงานที่ส่งเสริมความร่วมมือและผลงานของทีม
B11: • เป็นแบบอย่างที่ดีด้านผลงาน วินัย และจรรยาบรรณในการทำงาน
B12: • ตัดสินใจในสถานการณ์สำคัญได้อย่างเหมาะสมและรับผิดชอบต่อผลลัพธ์
B13: การคิดเชิงกลยุทธ์และการบริหารเป้าหมาย (Strategic Thinking & Goal Management) | C13: 5 | D13: 5 | E13: =C13*5 -> 25 | F13: =IF(D13="",0,C13*D13) -> 25
B14: • วิเคราะห์สภาพแวดล้อมอุตสาหกรรมชิ้นส่วนโลหะและตลาดลูกค้าที่กระทบต่องานของฝ่าย
B15: • แปลงกลยุทธ์องค์กรเป็นแผนงานและตัวชี้วัดของฝ่ายได้อย่างเป็นรูปธรรม
B16: • จัดลำดับความสำคัญและจัดสรรทรัพยากรให้เกิดผลลัพธ์สูงสุด
B17: • ทบทวนและปรับแผนได้ทันต่อสถานการณ์ที่เปลี่ยนแปลง
B18: ความเชี่ยวชาญหลอมและเทน้ำโลหะ (Melting & Pouring Expertise) | C18: 5 | D18: 5 | E18: =C18*5 -> 25 | F18: =IF(D18="",0,C18*D18) -> 25
B19: • ควบคุมเตาหลอมเหนี่ยวนำ (การจัดวัตถุดิบเข้าเตา/อุณหภูมิ/พลังงาน) อย่างมีประสิทธิภาพ
B20: • ปรุงส่วนผสมทางเคมีและเติมธาตุ (Inoculation/ปรับคาร์บอน-ซิลิคอน) ให้ตรงสเปคเกรดโลหะ
B21: • ควบคุมอุณหภูมิและเวลาการเทน้ำโลหะให้เหมาะกับชิ้นงานแต่ละแบบ
B22: • อ่านผลวิเคราะห์ส่วนผสม (Spectrometer) และปรับแก้น้ำโลหะได้ถูกต้องรวดเร็ว
B23: การพัฒนาทีมงานและผู้สืบทอดตำแหน่ง (People Development & Succession) | C23: 5 | D23: 4 | E23: =C23*5 -> 25 | F23: =IF(D23="",0,C23*D23) -> 20
B24: • ประเมินขีดความสามารถของทีมและวางแผนพัฒนารายบุคคล (IDP)
B25: • มอบหมายงานที่ท้าทายเพื่อพัฒนาศักยภาพของทีมงาน
B26: • ให้ Feedback อย่างสร้างสรรค์และสม่ำเสมอ
B27: • เตรียมผู้สืบทอดตำแหน่งงานสำคัญ (Successor) อย่างเป็นระบบ
B28: รวมคะแนน Competency | C28: =SUM(C8,C13,C18,C23) -> 20 | E28: =SUM(E8,E13,E18,E23) -> 100 | F28: =SUM(F8,F13,F18,F23) -> 95
B30: เกณฑ์การประเมิน Competency / พฤติกรรมการทำงาน (ระดับ 1–5)
B31: 1 = ไม่ผ่านทุกข้อหรือเกือบทั้งหมด
B32: 2 = ไม่ผ่านบางข้อ
B33: 3 = ผ่านทุกข้อที่ระบุไว้
B34: 4 = ผ่านทุกข้อและบางข้อดีกว่าที่คาดหวัง (มีหลักฐานหรือผลงานประกอบ)
B35: 5 = ผ่านทุกข้อและทุกข้อดีกว่าที่คาดหวัง (ต้องมีหลักฐานหรือผลงานประกอบ)
B36: หมายเหตุ : กรอกเฉพาะช่องสีเหลือง (ระดับที่ได้ 1–5 และหลักฐานประกอบ) คะแนนจะคำนวณอัตโนมัติ

Sheet 3.สรุปผลงานประจำปี
B1: สรุปผลการประเมินผลงานประจำปี
B2: บริษัท หล่อทองโลหะการ จำกัด • ประจำปี 2569
B4: ชื่อผู้รับการประเมิน | C4: คุณพิชิต ส. | E4: ตำแหน่ง | F4: ผู้จัดการฝ่ายหลอมและเทน้ำโลหะ (Melting & Pouring Manager)
B5: หน่วยงาน | C5: ฝ่ายหลอมและเทน้ำโลหะ (Melting & Pouring) | E5: ผู้ประเมิน | F5: คุณจำลอง ป. (ผู้ช่วยกรรมการผู้จัดการ สายงานโรงงาน)
B7: ส่วนการประเมิน | D7: น้ำหนักคะแนน | E7: คะแนนเต็ม | F7: คะแนนที่ได้ | G7: % ที่ได้
B8: ส่วนที่ 1 : ผลงานตามตัวชี้วัด KPIs | D8: ='1.KPIs'!C13 -> 80 | E8: ='1.KPIs'!L13 -> 400 | F8: ='1.KPIs'!M13 -> 370 | G8: =IF(E8=0,0,F8/E8) -> 0.925
B9: ส่วนที่ 2 : Competency / พฤติกรรมการทำงาน | D9: ='2.Competency'!C28 -> 20 | E9: ='2.Competency'!E28 -> 100 | F9: ='2.Competency'!F28 -> 95 | G9: =IF(E9=0,0,F9/E9) -> 0.95
B10: รวมคะแนนประเมินผลงานประจำปี | D10: =SUM(D8:D9) -> 100 | E10: =SUM(E8:E9) -> 500 | F10: =SUM(F8:F9) -> 465 | G10: =IF(E10=0,0,F10/E10) -> 0.93
B12: เกรดผลงานประจำปีที่ได้ | D12: =G10 -> 0.93 | F12: =IF(G10>0.95,"AA",IF(G10>=0.85,"A+",IF(G10>=0.7,"A",IF(G10>=0.5,"B","C")))) -> A+
B15: ตารางสรุปเกรดผลงานประจำปี
B16: AA | C16: > 95% | D16: ผลงานโดยรวมสูงกว่าเป้าหมายมาก
B17: A+ | C17: 85 – 95% | D17: ผลงานโดยรวมสูงกว่าเป้าหมาย
B18: A | C18: 70 – 85% | D18: ผลงานโดยรวมเป็นไปตามเป้าหมาย
B19: B | C19: 50 – 70% | D19: ผลงานโดยรวมต่ำกว่าเป้าหมาย
B20: C | C20: < 50% | D20: ผลงานโดยรวมไม่เป็นไปตามเป้าหมาย
B22: บันทึกการพูดคุยผลการประเมิน (Performance Dialogue)
B23: 1. จุดเด่นของผลงานในปีนี้
B27: 2. สิ่งที่ควรปรับปรุงหรือพัฒนา
B31: 3. แผนพัฒนา / เป้าหมายที่ตกลงร่วมกันสำหรับปีถัดไป
B35: 4. ความคิดเห็นเพิ่มเติมของผู้รับการประเมิน
B40: ลงชื่อ ................................................... ผู้รับการประเมิน | E40: ลงชื่อ ................................................... ผู้ประเมิน
B41: ( คุณประทุมพร คงทนถาวร ) | E41: ( คุณจำลอง ประเสริฐกุล )
B42: วันที่ ........./........./......... | E42: วันที่ ........./........./.........
